Label	Type	Tags	Description	Activities	Address	Business Type	Contact	Date	Date Founded	degree	Demographics	Extra Info	Food Products and Growing Methods	Geographic Region	Image	Learn More	metrics::last	Quote	Relationship	Relationship Tags	URL
1
Open Hand Atlanta
Recovery & Redistribution
As one of the largest community-based providers of home-delivered meals and nutrition services in the U.S, we provide all our services free to clients. We believe in the power of food as medicine, and food as love. We deliver throughout metro Atlanta and the state of Georgia, and have a number of ways our neighbors can qualify for our meals: simply check your eligibility below. Our meals are medically tailored, which means they are crafted according to the needs of each individual by a Registered Dietitian Nutritionist (RDN) to improve health outcomes. We are also accredited by the Food is Medicine Coalition, a national coalition of nonprofit organizations dedicated to providing medically tailored meals, groceries, and nutrition support to individuals living with severe and chronic illnesses.
Nutrition, Health, & Wellness
1380 West Marietta St NW Atlanta, GA 30318
Nonprofit
404.872.8089 info@openhandatlanta.org
3
NW Atlanta
https://encrypted-tbn0.gstatic.com/images?q=tbn:ANd9GcRWR5du6T55V4C2JJqgO6oyAaEedczKB-Dlww&s
3
https://www.openhandatlanta.org/partner-with-us/
2
Sabor Provisions
Consumption & Retail
We offer handmade products with fresh and natural ingredients. Our products include: empanadas, tarts, natural juices, gourmet sauces, and delicious tortilla chips.
4
4
3
Summerhill Neighborhood Development Corporation
Recovery & Redistribution
For more than thirty years, the Summerhill Neighborhood Development Corporation has been a stalwart advocate for the Summerhill Community. Beyond constructing homes for low-income families and mentoring local youth, SNDC passionately champions environmental equity, striving for a balance between community development and preserving the environment. This dedication extends to promoting overall community wellness, ensuring access to essential resources, healthcare, and educational opportunities. Moreover, SNDC is committed to fostering synergy within the neighborhood, emphasizing collaboration among residents, organizations, and stakeholders to create a cohesive, vibrant community where everyone thrives. Honoring its rich history, the organization continues to evolve, dedicating itself to the holistic well-being and sustainable future of Summerhill.
Food Pantry
211 Georgia Ave SE, Atlanta, GA 30312
(404)586-0150
1
http://thesndc.org/wp-content/uploads/2023/12/Untitled-design-7.png
1
https://thesndc.org/
4
Golightly Street Community Garden
Farm / Producer
Community Garden
1
1
5
Clarkston High/Communities in Schools
Recovery & Redistribution
Communities In Schools (CIS) of Georgia is the state s leading drop-out prevention organization. We serve 42 school districts across 38 counties in schools and beyond the classroom to ensure every student, regardless of race, zip code, or socioeconomic background, has what they need to realize their potential.
Food Pantry
618 N Indian Creek Dr, Clarkston, GA 30021
School
info@cisgeorgia.org
4
https://cisga.org/wp-content/uploads/2020/10/Logo-long-cisga.png
4
https://cisga.org/
6
Kings Forest Combined Corporation Garden
Farm / Producer
Community Garden
1
1
https://www.kfccc.org/
7
Café Momentum
Consumption & Retail
0
0
8
Ecoworks Studio
Supporting Resources & Services
We are on a mission to create an equitable future by delivering innovative sustainability solutions in the built environment that advance planetary health and human well-being. We are an internationally recognized consulting firm offering a broad range of services and expertise in sustainability and wellness consulting for commercial real estate.
Consulting / Design
659 Auburn Ave NE #135, Atlanta, GA 30312
(404) 480-4499
1
NE Atlanta
https://static.wixstatic.com/media/edfd9b_f609b2dede134c8b927d46ff76e77f60~mv2.png/v1/crop/x_0,y_252,w_3000,h_804/fill/w_590,h_160,al_c,q_85,usm_0.66_1.00_0.01,enc_avif,quality_auto/ES_HighRes_Horizontal_Color_edited.png
1
https://www.ecoworks-studio.com/
9
Atlanta Mission: My Sister's House
Recovery & Redistribution
0
0
10
Emory University - Oxford College
Public & Education Sector
801 Emory St, Oxford, GA 30054
University
(770) 784-8888
2
General Georgia
https://oxford.emory.edu/_includes/images/site-wide/oxford-college-logo-catalog.png
2
https://oxford.emory.edu/
11
Morrison Healthcare
Food Aggregation & Distribution
Morrison Healthcare is a leading national food and nutrition services company exclusively dedicated to serving over 1000 hospitals and healthcare systems. Morrison has been serving some of the nation s largest health systems for more than 65 years and leverages culinary, nutritional, and operational expertise to provide consistency and transform the healthcare experience. Morrison Healthcare is a food service for healthcare facilities, focused on innovative and sustainable dining experiences.
Morrison Healthcare, 400 Northridge Road Suite 600, Atlanta, GA 30350
Morrisoncommunications@iammorrison.com
1920
2
General Atlanta
https://pha-cms.s3.amazonaws.com/image/115/square_small.jpg?1724168101
2
https://www.morrisonhealthcare.com/
12
Chris 180
Supporting Resources & Services
CHRIS 180 helps children, adults, and families who have experienced trauma change the direction of their lives to become more productive, self-sufficient members of the community. CHRIS 180 offers community support programs including counseling, substance abuse prevention, and early childhood mental health.
Nutrition, Health, & Wellness
1030 Fayetteville Road Atlanta, Georgia 30316
(404) 486-9034
1981
8
Not in Georgia
https://encrypted-tbn0.gstatic.com/images?q=tbn:ANd9GcQ17xLYeu4aYyOh_TlN9Sgf3pci_9DNP4g1Dg&s
8
https://chris180.org/
13
People United for Change
Recovery & Redistribution
People United For Change Helps to serve the people of the community by offering services to help them in there everyday life
Food Pantry
3638 Campbellton Rd, Atlanta, GA 30331
1
1
https://www.facebook.com/PeopleUnitedForChangeATL/
14
Diamond Hill Farm
Farm / Producer
Diamond Hill Farm is a small-scale, 7 acre farm on the outskirts of Athens, GA, operated since 2012 by farmer Carter Dodd. We re passionate about growing vibrant, nutrient-rich food and beautiful, high-quality flowers always with care for the land, our farmers, and the community we serve. We are Certified Naturally Grown. You can find our produce and blooms at the Athens Farmers Market, Freedom Farmers Market, Morningside Farmers Market, and Grant Park Farmers Market in Atlanta, as well as on the menus of restaurants in both Athens and Atlanta. They also run a CSA Program.
545 Millstone Circle, Athens, GA 30605
For-Profit
diamondhillfarmcsa@gmail.com
2012
6
Flowers | Fruit & Vegetable | Organic/CNG
General Georgia
https://images.squarespace-cdn.com/content/v1/63c16a59d3a55f786c80909a/d02912eb-e6a4-4f7b-ad02-27faa588f06b/Web+Header+No+Background.png?format=1500w
6
Diamond Hill Farm
15
Safehouse Outreach
Recovery & Redistribution
Offer personalized programs including family reunification, emergency housing, permanenet supportive housing, rental assistance, employment training, and job placement.
89 Ellis St NE, Atlanta, GA 30303
Faith-Based
1
https://www.safehouseoutreach.org/uploads/1/4/2/2/142225459/sho-color-logo-sho-words-only.png
1
https://www.safehouseoutreach.org/what-we-believe.html
16
Greater Fellowship Outreach & Developme
1
1
17
Retaaza
Food Aggregation & Distribution
Retaaza is a B Corp and social enterprise that strives to make local food more accessible and affordable. They directly support our communities  farmers, reconnect consumers to their food, and feeds familie struggling with food insecurities. Retaaza routinely buys food from local farmers, and will also purchase surplus ad-hoc from local farms at a fair price. Retaaza rescues food through: - Purchasing for Wholesale & Corporate Partners - Rescuing from Farmers Markets - Field to Fork Rescue & Food Access Program - Purchasing for Non-profit donations - Selling at Farm Fresh & MARTA Markets To join their supplier list, email farms@retaaza.com If you have excess produce to sell, email surplus@retaaza.com About the MARTA Markets: In partnership with MARTA, Retaaza also operates the MARTA markets, bringing fresh, Georgia-grown produce and heart-healthy shelf-stable pantry staples to transit riders at Kensington, Bankhead, West End, Doraville, and Hamilton E. Holmes MARTA Stations.
NA
For-Profit
Neil Ringer, Value Chain Manager: neil@retaaza.com Kashi Sehgal, Founder & CEO: kashi@retaaza.com To join supplier list, email farms@retaaza.com If you have excess produce to sell, email surplus@retaaza.com
2020
8
Woman-Owned
https://cdn.prod.website-files.com/631b22b813917dd5e698bcac/6336a8ad18215735ab24de97_Retaaza%2Bround%2Bicon%2Bsmall.webp
8
https://www.retaaza.com/
18
Southern Rural Black Women's Initiative for Social and Economic Justice
Supporting Resources & Services
a collective of women leaders across Mississippi, Alabama and Georgia dedicated to lifting up Black women and families in rural, impoverished areas.
Technical Assistance | Training | Advocacy
Albany, Georgia 31702
Nonprofit
229.430.9870
2001
0
BIPOC-Owned | Woman-Owned
Not in Georgia
https://images.squarespace-cdn.com/content/v1/520473a1e4b08b2a394ebc8d/1377224319556-QDYIUIDJRP2QM7SJXVHU/SRBWI+logo.png
0
https://srbwi.org/
19
ReFED
Supporting Resources & Services
ReFED is a national nonprofit working across the food system to reduce food loss and waste. ReFED gathers data about food waste, serving as the definitive source for data and economic analysis about food waste, the solutions to fight it, and accessible methods for tracking progress. ReFED also works with businesses and community organizations to reduce food waste, build networks, and influence policy. Finally, ReFED funds solutions through its 'Catalytic Grant Fund'. The Catalytic Grant Fund is designed to accelerate the development and implementation of food waste solutions across the full food system by providing non-recoverable and recoverable grants and post-grant support to initiatives with high impact potential as measured by food waste reduced and GHG emissions reduced. The Catalytic Grant Fund deploys its capital through an ongoing series of open call cycles that are built around specific, priority food waste themes. See their open calls here: https://grantfund.refed.org/ Retaaza, a local Atlanta business dedicated to paying farmers and rescuring surplus food, was awarded from this fund in 2025 to reduce harvest losses on Georgia farms.
Funding | Advocacy
Nonprofit
info@refed.org
2
https://refed.org/img/refed_logo.svg?_cchid=3cd0136dc3511f1d16f4669c961206cf
2
https://refed.org/
20
Alo Farms
Farm / Producer
We serve you with exceptionally nutritious and delicious food with No herbicides, pesticides, chemicals, or GMO s. Our high performance healing foods fight sickness and fuel a healthy lifestyle. It is our joy to farm foods that strengthen our local community, cancer patients, autistic communities, and professional athletes.
629 Hwy 74 South Peachtree City, GA 30269
For-Profit
678.489.4423
4
Fruit & Vegetable
https://lirp.cdn-website.com/5744784b/dms3rep/multi/opt/Horizontal_White_BG-1920w.png
4
https://www.alofarms.com/
21
Hearthfire Farm + Nursery
Farm / Producer
Hearthfire Farm + Nursery is a unique business that combines a farm with a plant nursery. We are committed to growing fresh, seasonal produce for our community and providing high-quality plants to help others start their own gardens. Our mission is to help people cultivate their own food and connect with the natural world. We believe that growing your own food is a deeply rewarding experience.
389 N Clarendon Ave, Scottdale, GA 30079
1
Organic/CNG
General Georgia
1
22
Marietta Square Farmers Market
Consumption & Retail
2
2
23
Greater Bethel AME Church
Recovery & Redistribution
Greater Bethel AME Church in Atlanta offers food assistance through its Bethel Food Closet Ministry, typically on the fourth Wednesday of each month from 10 AM 12 PM, providing free non-perishable groceries and school supplies, with details often shared on their social media for specific dates and requirements like bringing bags
Food Pantry
2455 Lakewood Ave SW, Atlanta, GA 30315
Faith-Based
greaterbethelatl@gmail.com
1
1
https://greaterbethelatl.wixsite.com/amec
24
Argyle Elementary
Recovery & Redistribution
Food Pantry
2420 Spring Rd SE, Smyrna, GA 30080
School
678-842-6800
1
https://sbcobbstor.blob.core.windows.net/media/WWWCobb/fgg/1841/argyle%20header.png
1
https://www.cobbk12.org/argyle
25
Peace on the Move /Peace Baptist Church FP
Recovery & Redistribution
As a premier social service provider, we are dedicated to tackling food insecurity, housing insecurity, and other critical issues affecting the Decatur metropolitan area.
Food Pantry
4000 Covington Hwy, Decatur, GA 30032
Faith-Based
info@peaceonthemove.org
2000
1
https://images.squarespace-cdn.com/content/v1/664d09cf1ece9962de74e5ea/54dda2c9-0cc8-4114-a067-2a426aa0f1a7/Peace+on+the+Move+Logo+at+Peace+on+the+Move%2C+a+nonprofit+organization+of+Peace+Baptist+Church+in+Decatur%2C+GA.png?format=1500w
1
https://www.peaceonthemove.org/
26
Big Bethel AME Church
Recovery & Redistribution
Big Bethel African Methodist Episcopal (AME) Church traces its roots back to 1847, with a group of enslaved persons who were part of "Union Church," the very first congregation formed in Atlanta. Although Union Church, which eventually disbanded, was established for whites, the original enslaved group that was allowed to worship there remained intact. Whites eventually granted a petition for those enslaved to have their own church and set aside $700 for that purpose. In 1855, "Bethel Tabernacle" was completed. Indeed, while Big Bethel is often referred to as Atlanta's first Black congregation, it is more accurately recognized as Atlanta's oldest congregation, Black or white.
Food Pantry
220 Auburn Avenue, Atlanta, GA 30303
Faith-Based
1847
1
https://static.wixstatic.com/media/181578_9e87ebe9ae0b4518884eecd6e063fe65~mv2.png/v1/fill/w_284,h_282,al_c,q_85,usm_0.66_1.00_0.01,enc_avif,quality_auto/181578_9e87ebe9ae0b4518884eecd6e063fe65~mv2.png
1
www.bigbethelame.org
27
Blooming With Possibilities Garden
Farm / Producer
The gardens and "The Egg Plant" are managed by a CCYA Farmer and a team of dedicated Cobb County Master Gardener Volunteers that together grow over 1,750 pounds of fresh organic produce that are farmed to table through the CCYA Cafeteria, providing several meals each day for youth residents. Produce is grown year- round and includes collards, kale, lettuce, cabbage, peas, green beans, okra, cucumbers, onions, radishes, carrots, corn, squashes, peppers, tomatoes, garlic, potatoes, sweet potatoes, herbs, watermelon, blackberries, blueberries, raspberries and figs. Additionally, the chickens produce over 1,200 eggs each year.
Community Garden
1
1
https://ccyakids.org/blooming-with-possibilities
28
Ebenezer Baptist Church
Recovery & Redistribution
Food Pantry
407 Auburn Ave NE, Atlanta, GA 30312
Faith-Based
info@ebenezeratl.org
3
https://ebenezeratl.org/wp-content/uploads/2021/03/logo.png
3
https://www.ebenezeratl.org/
29
EcoWomanist Institute Southeast
Supporting Resources & Services
A nonprofit organization that serves as a "safe and informative space for the EcoWomanist." They support cohorts of Black women farmers.
Training
Nonprofit
Email: ewiinfo@ecowomanist.org
https://scontent-atl3-2.xx.fbcdn.net/v/t39.30808-1/481773637_10112953626445730_5790089803432538655_n.jpg
https://www.ecowomanist.org/
30
Sunshine Community Brotherhood Foundation-Atlanta
Recovery & Redistribution
The Sunshine Brotherhood Community Center is a nonprofit foundation that provides a warm and welcoming family atmosphere for individuals in need. Every week, The Sunshine Brotherhood Community Center provides over 500 families with food, clothing, counseling, utility, job and housing assistance. The center is equipped with a one of a kind computer lab for job searches and resume writing.
Food Pantry
2283 Baker Rd NW, Atlanta, GA 30318
Faith-Based
(404) 564-1466
1
1
https://www.salembiblechurch.org/social-services-ministry/
31
Power Atlanta
Recovery & Redistribution
Across Atlanta, thousands of families face food insecurity, housing instability, and health barriers every day. Many people, especially people of color and those in at-risk communities, work hard but still fall short, not for lack of effort, but for lack of access. POWER Atlanta bridges that gap, connecting neighbors to food, housing, health, and financial resources that strengthen well-being, ensure basic needs and security, and promote socio-economic mobility through community-based support.
Food Pantry
1024 Avon Ave SW,, Atlanta, GA 30310
Nonprofit
https://poweratl.org/contact/
2020
1
Woman-Owned | BIPOC-Owned
https://poweratl.org/wp-content/uploads/2025/12/Logo.svg
1
https://poweratl.org/
32
Sweet Selma Farm & Gardens
Farm / Producer
Sweet Selma Farms is proud to be an urban farm located in Historic College Park.Sweet Selma Farms is an urban farm lovingly named for Selma Katzenstein, a farmer who inspired many with her wit, cooking and courage. We grow fruits, nuts and herbs and then make yummy stuff that we sell at The Irwin Street Market.
Urban Agriculture
For-Profit
(404) 889-6568
1
https://www.ourvillagekitchens.com/wp-content/uploads/2012/05/sweet-selma-farms.jpg
1
https://www.ourvillagekitchens.com/?p=381
33
Love Joy Farm
Farm / Producer
Love Joy Farm is a small, one-woman, pesticide and herbicide free flower farm in Lovejoy, GA. It is run by Claire Reynolds and they sell beautiful flower bouquets in at farmers markets in Atlanta.
2635 N Steele Rd, Hampton, GA 30228
For-Profit
(678) 479-4525
2022
5
Woman-Owned
Flowers | Organic/CNG
General Georgia
https://encrypted-tbn0.gstatic.com/images?q=tbn:ANd9GcTbRxDBSClpmKiCq7Xvb5IYICwIpGGXEzas4w&s
5
https://thedifferenceatl.com/love-joy-flower-farm/
34
Pittsburgh Kingdom Doors Baptist Church Inc.
Recovery & Redistribution
Pittsburgh Kingdom Doors Baptist Church is a welcoming community church in Atlanta, GA that provides spiritual guidance and support to its members. With a focus on faith, fellowship, and community outreach, Pittsburgh Kingdom Doors Baptist Church offers a place for individuals to come together and worship in a warm and inclusive environment.
Food Pantry
884 Coleman St SW, Atlanta, GA 30310
Nonprofit | Faith-Based
1
1
35
Kimball House
Consumption & Retail
Kimball House aims to serve food and drinks that reflect the seasons, farms, and personalities of the people preparing them. Located in Decatur, visitors can expect a top-notch raw bar and delicious farm-to-table fare executed with technique, finesse, and passion. Awarded Snail of Approval from Slow Food Atlanta (2025).
For-Profit
1
1
36
Feed Marietta, Inc
Recovery & Redistribution
340 Aviation Rd, Marietta, Georgia 30060
Nonprofit
1
1
37
Good Agriculture
Supporting Resources & Services
Good Agriculture finds funding, manages finances and reaches more customers for farmers so they can focus on their operations. By keeping up to date with the latest grants, tax incentives and deadlines, GoodAg is positioned to help farmers maximize their productivity and save valuable time. Good Agriculture serves small to mid-scale farmers in GA by: >Performing bookkeeping duties on a monthly subscription basis for farmers >Helping with marketing. > Matching farmers with different funding programs and helps them with applications.
Funding | Technical Assistance
75 5th St NW, Atlanta, GA 30308
For-Profit
Phone: +1 (404) 981-3981 Email: hello@goodagriculture.com
2022
9
Woman-Owned
NW Atlanta
9
We're able to do bookkeeping on a monthly subscription for farmers; we just do it for them. There's not a lot of software for you to figure out what you're doing, so we've added in marketing.
https://goodagriculture.com/
38
The Cooking School Atlanta
Supporting Resources & Services
We are a boutique cooking school located in Old Fourth Ward catering to foodies who want a hands on cooking and eating experience.
Nutrition, Health, & Wellness | Education Outreach | Training
755 Virginia Ave, Hapeville GA 30354
For-Profit
bookings@thecookingschools.com
2
Atlanta Suburb
2
https://www.thecookingschools.com/
39
Firdous Community Garden & Farm at Mohammed Schools of Atlanta
Farm / Producer
School Garden produces food all year round; Hoop House for winter; ~3000 sq ft additional planting space.
Community Garden | Education Outreach
735 Fayetteville Rd SE, Atlanta, GA 30316
(404) 378-4219
2012
3
BIPOC-Owned
SE Atlanta
3
https://www.mohammedschools.org/firdous-community-garden
40
Steward
Supporting Resources & Services
Mission-driven lender partnering with regenerative farms; nationally focused; B Corp.
Funding | Training
9450 SW Gemini Dr #41153 Beaverton, OR 97008
For-Profit
hello@gosteward.com
2016
1
Not in Georgia
1
https://gosteward.com/
41
Metro Atlanta Urban Farm
Farm / Producer
Urban Agriculture
NA
(404) 788-2432
7
7
42
Generation In Focus Foundation
Recovery & Redistribution
Social innovation organization; primary focus areas: education equality, housing and nutrition.
Food Pantry
3578 South Fulton Ave, Hapeville, GA 30354
Nonprofit
5
5
https://www.generationinfocus.com/homepage
43
Franklin's Citrus Farm
Farm / Producer
Family-owned cold-hardy citrus farm in Statesboro, Georgia.
10610 HWY 301S, Statesboro, GA 30458
Phone: 912-243-5360 Email: GeorgiaCitrus@gmail.com
2
Fruit & Vegetable
General Georgia
2
https://www.georgiacitrus.com/
44
Eugene and Scilla Rice Ministries
Recovery & Redistribution
Food Pantry
110 Howard St NE, Atlanta, GA 30317
Faith-Based
(404) 374-7806
1
1
45
The Black Church Food Security Network
Network
BCFSN spans much of the country; supports churches in establishing gardens, mini farmers' markets, buying from Black farmers.
Advocacy
Nonprofit
2015
1
BIPOC-Owned
1
https://blackchurchfoodsecurity.net/
46
Providence Baptist Church S. Atlanta
Recovery & Redistribution
Food Pantry
1773 Hawthorne Ave, College Park, GA 30337
Faith-Based
1
1
https://www.providencebc.com/
47
Wylde Center
Farm / Producer
Atlanta-area non-profit with five urban greenspaces; environmental education; ~80,000 plants/year nursery.
Urban Agriculture | Technical Assistance | Youth Programs
435 Oakview Rd, Decatur, GA 30030
Nonprofit
(404) 371-1920
1997
9
Atlanta Suburb
9
https://www.wyldecenter.org/
48
Sysco
Food Aggregation & Distribution
Global food service leader.
780 Douglas Hill Rd., Ste. 100 Lithia Springs, GA 30122 US
1969
0
General Georgia
0
https://www.sysco.com/
49
Hand, Heart + Soul Project
Supporting Resources & Services
Non-profit; nutrient-dense food access; works with early childhood education programs.
Youth Programs | Education Outreach | Nutrition, Health, & Wellness
220 Arrowhead Blvd Suite 200, Jonesboro, GA 30236
Nonprofit
(678) 644-1584
2018
2
General Georgia
2
https://www.handheartsoulproject.org/
50
Spelman College Victory Garden
Farm / Producer
Physical anchor of Spelman's Food Studies Program; ~100 edible/medicinal crops.
Herbalism | Community Garden | Urban Agriculture | Education Outreach | Seed Saving / Sharing
350 Spelman Lane, SW Atlanta, GA. 30314
University
404-270-5792 foodstudies@spelman.edu
2
BIPOC-Owned | Woman-Owned
Fruit & Vegetable | Value-Added Products
SW Atlanta
2
https://www.spelman.edu/academics/food-studies-program/our-garden.html
51
Local Green Atlanta
Supporting Resources & Services
Fast casual restaurant; pescatarian, vegetarian, vegan options; "Keeping Atlanta Healthy."
Nutrition, Health, & Wellness | Chef
19 Joseph E. Lowery Blvd NW Atlanta, GA 30314
For-Profit
404-549-9364 catering@localgreenatlanta.com
2017
1
BIPOC-Owned | Woman-Owned
NW Atlanta
1
https://localgreenatlanta.com/
52
Word of God In Christ Full Gospel
Recovery & Redistribution
Food Pantry
1401 Lakewood Ave SE, Atlanta, GA 30315
Faith-Based
1
1
53
the dReam Center
Recovery & Redistribution
"World leader in creating a continuous partnership that cultivates, strengthen, and build children, families, and communities."
Food Pantry
2600 H.F. Shepherd Dr, Decatur, GA 30034
Faith-Based
admin@thedreamcenterchurch.org (770) 396-9884
0
0
https://www.dreamcenteratl.org/
54
Fort Valley State University
Public & Education Sector
1005 State University Dr, Fort Valley, GA 31030
University
(478) 827-3878
1
General Georgia
1
https://www.fvsu.edu/
55
Virginia Highlands Farmers Market
Consumption & Retail
Weekly Farmers Market in Virginia Highlands; Sundays 8:30-11:30am Spring/Fall.
1045 North Highland Ave NE, Atlanta, GA
Email: info@vahifarmersmarket.com
2024
15
NE Atlanta
15
https://www.vahifarmersmarket.com/
56
Martin's Garden
Farm / Producer
Roswell residents Tony & Shari Martin; 7 acres; sells fresh vegetables; donates produce to local charities.
Urban Agriculture
410 Coleman Road Roswell, GA 30075
For-Profit
martinsgardenacf@gmail.com
2015
0
Metro Atlanta
0
https://www.martinsgardenacf.com/
57
Community Garden at J.M. Tull (Gwinnett Family YMCA)
Farm / Producer
Community Garden
1
1
58
Georgia Mountains Farmers Network
Network
1
1
59
Roots Down
Supporting Resources & Services
Established 2018; urban regenerative solutions specialist.
Urban Agriculture | Community Garden | Education Outreach | Training
137 Ridgeland Ave, Decatur, GA 30030
For-Profit
(770) 617-8403
2018
0
Atlanta Suburb
0
https://www.rootsdownga.com/
60
Trellis Horticultural Therapy Alliance
Supporting Resources & Services
Horticultural therapy nonprofit; serves groups & individuals 12+, especially people living with disabilities.
Nutrition, Health, & Wellness
980 Briarcliff Rd NE, Atlanta, GA 30306
Nonprofit
shelly@trellishta.org
2017
5
NE Atlanta
5
https://trellishta.org/
61
Bocado
Consumption & Retail
1
1
62
Faithful Fields Community Garden
Farm / Producer
Community Garden
1
1
63
Georgia Conservancy
Supporting Resources & Services
50+ years protecting Georgia's land, water, coast.
Advocacy | Education Outreach
565 Northside Dr SW Suite B101, Atlanta, GA 30310
Nonprofit
(404) 876-2900
2
SW Atlanta
2
https://georgiaconservancy.org/
64
Outdoor Fresh Farms
Farm / Producer
Urban farm in Atlanta GA; education + community access; Carver Hills neighborhood; food desert.
Urban Agriculture | Education Outreach | Youth Programs
1645 Mary George Ave NW Atlanta, GA. 30318
For-Profit
Phone: +1 (470)-615-6620 Email: info@outdoorfreshfarm.com
2004
3
BIPOC-Owned
NW Atlanta
3
https://www.outdoorfreshfarm.com/
65
Lilburn Community Garden
Farm / Producer
Community Garden
lilburncommunitygarden@hotmail.com
1
1
https://www.lilburncommunitygarden.org
66
Fresh Market
Consumption & Retail
0
0
67
Soil3
Organics Recycling & Composting
Bulk humus compost; division of Patten Seed Company.
Farm Resources | Composting
16 Forest Parkway, Shed 39 Forest Park, Georgia 30297
For-Profit
info@soil3.com
1
Not in Georgia
1
https://soil3.com/
68
Yves Garden, LLC
Farm / Producer
Natural herbal healing - herbs, cleanses, coaching.
Funding | Nutrition, Health, & Wellness | Education Outreach | Herbalism
Douglasville, GA USA
For-Profit
service@yvesgarden.com
1
Fruit & Vegetable
1
https://www.yvesgarden.com/book
69
Decatur Seventh Day Adventist Church
Recovery & Redistribution
Food Pantry
2321 Candler Rd, Decatur, GA 30032
Faith-Based
(404) 284-6908
1
1
https://decatursdachurch.org/
70
Clayton County Public Schools
Public & Education Sector
Education Outreach
1
1
https://www.clayton.k12.ga.us/
71
SVDP Stone Mountain Family Support Center
Recovery & Redistribution
Food pantry, teaching kitchen, food recovery program, SNAP benefits assistance.
Nutrition, Health, & Wellness | Food Pantry
4871 Memorial Dr, Suite B, Stone Mountain, GA 30083
Faith-Based
1
1
https://svdpgeorgia.org/
72
Hugs & Hope
Recovery & Redistribution
Food Pantry serving families in need.
4576 Lenora Church Road, Snellville, Georgia 30039
Nonprofit
1
1
73
Decatur Housing Initiatives
Farm / Producer
Community Garden
1
1
74
YC Divine Purpose Ministry
Recovery & Redistribution
Food pantry every Friday 9-2pm.
Food Pantry
2362 Lawrenceville Hwy, Decatur, GA 30033
Faith-Based
1
1
https://www.facebook.com/p/YC-Divine-Purpose-Ministries-100077478172647/
75
Asa G. Hilliard Elementary School
Recovery & Redistribution
Food Resource Guide for families.
Food Pantry
3353 Mount Olive Rd, Atlanta, GA 30344
School
470-254-8050 walkert6@fultonschools.org
1
1
https://asaghilliard.fultonschools.org/
76
Truly Living Well Center for Natural Urban Agriculture
Farm / Producer
Since 2006; demonstrates how food can be a bridge.
Urban Agriculture | Youth Programs | Education Outreach | Training
Truly Living Well 324 Lawton St. Atlanta, GA 30310
Nonprofit
rashid@thenurigroup.com 404-520-8331
2006
9
BIPOC-Owned
General Atlanta
9
https://www.trulylivingwell.com/
77
Atlanta Public Schools
Public & Education Sector
Public school system for the City of Atlanta.
Government
(404) 802-5500
5
5
https://www.atlantapublicschools.us/
78
Middle Georgia's Growers Cooperative
Farm / Producer
Cooperative of small/medium farms in Middle Georgia.
Fruit & Vegetable
3
3
https://www.middlegagrowerscoop.com/
79
Greenway Farms of Georgia
Farm / Producer
0
0
80
Deer Creek Farm
Farm / Producer
Family-owned blueberry farm in Covington & Chattahoochee Hills, GA.
Value-Added Products | Agrotourism
11750 Hutcheson Ferry Rd, Chattahoochee Hills, GA 30268
Phone: 678-571-6843
5
BIPOC-Owned
Value-Added Products
General Georgia
5
https://thedeercreekfarm.com/
81
St Philip AME Church
Recovery & Redistribution
Largest congregation in Sixth Episcopal district of AME Church.
Food Pantry
240 Candler Rd SE, Atlanta, GA 30317
Faith-Based
Email: info@saintphilip.org Phone: 404-371-0479
1
1
https://saintphilip.org/
82
Maranatha Community Services Food Pantry
Recovery & Redistribution
Food Pantry
2730 Browns Mill Rd SE, Atlanta, GA 30354
Faith-Based
(404)-361-0835 Info@MaranathaSDA.com
1
1
https://www.maranathasda.com/
83
Urban Farm in Ormewood
Farm / Producer
Non-profit on Red's Farm Preserve; first city-owned urban farm under Atlanta Parks & Recreation.
Urban Agriculture | Community Garden
703 Naomi St SE, Atlanta, GA 30316
Nonprofit
Email: info@ufoatlanta.org
1991
4
Fruit & Vegetable
SE Atlanta
4
https://www.ufoatlanta.org/
84
Georgia Organics
Network
Statewide nonprofit investing in organic farmers; Farm to School/Early Care; Family Farm Share; Farmer Champion programs.
Funding | Technical Assistance | Advocacy
352 University Ave SW Suite W102, Atlanta, GA 30310
Nonprofit
(678) 702-0400
1997
68
SW Atlanta
68
https://www.georgiaorganics.org/
85
Black Too Earth
Supporting Resources & Services
Non-profit fostering connections between Black community and Black-owned farms / environmental justice orgs.
Education Outreach | Urban Agriculture | Agrotourism
Nonprofit
blacktooearth@gmail.com
2019
1
BIPOC-Owned
1
https://www.blacktooearth.com/
86
Patchwork City Farms
Farm / Producer
1.2 acre independently-owned urban farm in Atlanta GA.
[Message truncated by user paste — additional records exist but were cut off at the 50,000-char limit.]
