id,label,reason,address
2,Sabor Provisions,no address,
4,Golightly Street Community Garden,no address,
6,Kings Forest Combined Corporation Garden,no address,
7,Café Momentum,no address,
9,Atlanta Mission: My Sister's House,no address,
16,Greater Fellowship Outreach & Developme,no address,
17,Retaaza,no address,
19,ReFED,no address,
22,Marietta Square Farmers Market,no address,
27,Blooming With Possibilities Garden,no address,
29,EcoWomanist Institute Southeast,no address,
32,Sweet Selma Farm & Gardens,no address,
35,Kimball House,no address,
41,Metro Atlanta Urban Farm,no address,
45,The Black Church Food Security Network,no address,
57,Community Garden at J.M. Tull (Gwinnett Family YMCA),no address,
58,Georgia Mountains Farmers Network,no address,
61,Bocado,no address,
62,Faithful Fields Community Garden,no address,
65,Lilburn Community Garden,no address,
66,Fresh Market,no address,
70,Clayton County Public Schools,no address,
73,Decatur Housing Initiatives,no address,
77,Atlanta Public Schools,no address,
78,Middle Georgia's Growers Cooperative,no address,
79,Greenway Farms of Georgia,no address,
85,Black Too Earth,no address,
100,Cooper's Gourmet,no address,
101,Bonsai Mushrooms,no address,
107,Peachtree Park Community Garden,no address,
110,MycoLogic,no address,
114,Amazon Flex,no address,
116,R&N Rochell Farm,no address,
117,Carver Market,no address,
119,Union City Community Garden,no address,
123,Flat Shoals Park Community Garden,no address,
126,North Marietta Neighborhood Community Garden,no address,
136,Farmers Jam,no address,
138,Beloved Naturalist,no address,
141,Clarkston International Garden + Columbia Theological Seminary,no address,
142,YG Movement Urban Farm,no address,
143,Stop Think Chew,no address,
150,Bellwood Coffee,no address,
152,Margie's House,no address,
154,"Fleur + Forage, LLC",no address,
156,Dekalb County Cooperative Extension,no address,
159,City of Refuge,no address,
165,Diamond Hill Food Co-op,no address,
167,Bagel Rescue,no address,
169,100% Artisan Foods,no address,
172,Micro Munch,no address,
174,Firelight Coffee Roasters,no address,
175,Panther's Pantry,no address,
180,Georgia Peach Truck,no address,
181,St. Thomas Aquinas Giving Garden and Orchard,no address,
182,The Daily by Butcher & Bee,no address,
185,The Soy Shop,no address,
199,Northeast Georgia Locally Grown,no address,
200,Black too Earth,no address,
201,Georgia Tech Research Institute Agricultural Technology Research Program,no address,
202,Mayor's Office of Cultural Affairs,no address,
212,Good Food Purchasing Program,no address,
214,City of Atlanta Department of City Planning,no address,
216,GSU Community Garden,no address,
217,Farm Aid,no address,
219,GA FarmLink,no address,
220,The Garden Early Learning Academy,no address,
224,The BeeLieve Community Garden,no address,
228,Ray C. Anderson Foundation,no address,
229,Pasta Mami,no address,
238,Portrait Coffee,no address,
241,Piedmont BBQ Co.,no address,
249,Roots Bearing Fruits,no address,
256,Aglanta,no address,
266,Fresh Harvest,no address,
269,Schmidt Family Foundation,no address,
270,Woodland Wellness Farm Apothecary,no address,
271,Chef Asata Reid,no address,
273,Norcross Discovery Garden Park,no address,
276,Creation Care,no address,
277,Southwest Church Community Garden,no address,
278,Many Fold Foundation,no address,
284,The Kendeda Fund,no address,
286,Ignited Word,no address,
287,Georgia Health Policy Center,no address,
290,Dandelion Food and Goods,no address,
293,Little Tart Bakeshop,no address,
303,Uhuru Gardens,no address,
307,Jasmine Stewart Community Garden,no address,
313,Saint Rita's Cakes,no address,
315,Condor Chocolates,no address,
317,Wild East Acre,no address,
324,G.A. Towns Adamsville Garden,no address,
331,Jones Bridge Community Garden,no address,
332,Billie Eilish Changemakers Program,no address,
337,Taste of Atlanta,no address,
349,Mycelial Minds Mushrooms,no address,
354,Adair Park Community Garden,no address,
356,Greening Youth Foundation,no address,
357,Malachi's Storehouse,no address,
358,Snapfinger Farm,no address,
362,American Legion Post160 Gardens,no address,
365,Southern Sustainable Agriculture Research and Education (SARE),no address,
368,Bella Cucina,no address,
369,Medlock Park Community Garden,no address,
370,Mulberry Fields Community Garden Greene Space Inc.,no address,
375,Peepal People,no address,
376,Fleur and Forage Free Clinic,no address,
379,Turner Environmental Law Clinic at Emory University,no address,
383,Alpharetta Community Garden,no address,
388,Thistle & Sprig Tea Company,no address,
389,MARTA,no address,
391,Capitol View / Jesse Dill Community Garden,no address,
393,My Elderberry Fairy,no address,
396,Sweet Sol,no address,
397,Chattahoochee Queen,no address,
400,USDA Urban Agriculture and Innovative Production Program,no address,
401,Emory Cares,no address,
404,Vision 99 Beyond Walls Garden,no address,
405,Gwinnet Christian Terrace Community Garden,no address,
414,USDA Risk Management Agency,no address,
419,"Higher Calling Foundation, Inc.",no address,
420,King Shepherd Farm,no address,
425,Independent Grocers Alliance,no address,
432,"Eco-Paradigm, LLC",no address,
434,Bee Wild Honey,no address,
441,Ry's Table,no address,
442,Georgia Agriculture Wellness Alliance,no address,
443,Amalgamated Foundation,no address,
448,Georgia Grown,no address,
449,United Foods International,no address,
455,Riverside Neighborhood Community Garden,no address,
457,World Centric,no address,
462,Chattachoochee Nature Center Unity Garden,no address,
465,Georgia Aquaculture and Aquaponics Network,no address,
470,Slow Food Emory,no address,
471,Leon's Full Service,no address,
472,EcoWomanist Institute Southeast,no address,
478,USDA Farm Service Agency,no address,
479,TGM Bread,no address,
480,Paryani Foods,no address,
484,Good Roots,no address,
489,Bon Appetit Management Company,no address,
491,Lindsay Street Community Garden,no address,
492,Mother Clyde Memorial West End Garden Urban Pepper Farm,no address,
494,The Giving Tree Garden (South Dekalb YMCA),no address,
497,Cheffrey's Kitchen,no address,
502,Atlanta Mission: The Shepherd's Inn,no address,
503,Sage Gardens,no address,
505,Poco Loco,no address,
506,Certified Naturally Grown,no address,
507,Gangstas to Growers,no address,
508,Think Green Inc.,no address,
509,Southwest Atlanta Urban Farm Network,no address,
510,EBC Cares,no address,
511,Elijay Mushrooms,no address,
515,Honey Next Door,no address,
520,"Southern Elderberry, Sauce & Pickle Co.",no address,
522,Barlow's,no address,
528,Gaia Gardens,no address,
530,Twisted Soul Cookhouse and Pours,no address,
533,City of Jonesboro Community Garden,no address,
537,North Fulton Farm Bureau Community Garden,no address,
540,Superpana,no address,
542,Atlanta Beltline,no address,
547,Urban Food Forest at Browns Mill,no address,
552,Athens Land Trust,no address,
554,Urban Ag Council,no address,
557,East Pole Coffee Co,no address,
560,StreetWise,no address,
563,Celestial Care Solutions INC,no address,
564,Rooks' Nook Community Garden,no address,
572,West End Community Urban Gardens,no address,
578,Mimi's Pantry,no address,
582,Georgia Composting Council,no address,
584,Feeding America,no address,
588,Vesterfield Farms,no address,
590,Anna Bell's Mac,no address,
593,HomeStretch Community Garden,no address,
598,Demonstration Gardens @ McDaniel Farm Park,no address,
599,HERO Farms,no address,
614,Cultured Ag,no address,
615,Metro Atlanta Food Consortium,no address,
621,Aramark,no address,
624,East Point Compost Program,no address,
626,Westside Growers Market,no address,
627,Buenos Dias Pupusas,no address,
636,STAND Landscape Architects,no address,
637,Choco Coffee,no address,
638,Cella's Community Change,no address,
639,Green Meadows Community Gardens,no address,
641,The Plate Sale,no address,
642,Atlanta Farmers Coalition,no address,
643,Community Farmers Markets,no address,
647,Fruit Forward Orchards,no address,
649,University of Georgia - Small Business Development Center,no address,
650,Royal Foods,no address,
651,Zonalite Park,no address,
653,Natural Born Tillers,no address,
655,Mary Brown Trust Fund of Atlanta,no address,
656,Global Hearth,no address,
671,Cross Culture Community Garden,no address,
677,Dips Kitchen,no address,
684,Rooks' Nook Community Garden,no address,
693,Westside Atlanta Land Trust,no address,
695,Georgia Fruit & Vegetable Growers Association,no address,
697,Slow Food Atlanta,no address,
698,Brotherhood of the Cross and Star Central Bethel I,no address,
700,Georgia State University,no address,
704,HOPE Atlanta Women's Community Kitchen,no address,
706,Stone Mountain Community Garden,no address,
712,National Cooperative Alliance,no address,
713,Plant A Row for the Hungry,no address,
715,Decatur Christian Towers Community Garden,no address,
716,Noble Honey Company,no address,
717,Atlanta Local Food Initiative,no address,
718,Roswell United Methodist Church (RUMC) Giving Garden,no address,
720,Grape Roots Inc.,no address,
722,Caf' Momentum,no address,
726,Middle Georgia's Growers Cooperative,no address,
730,Common Counsel Foundation,no address,
731,Astro-Fain Community Garden,no address,
734,MarleyEAV Community garden,no address,
736,Georgia Grinders,no address,
739,Lanier Community Garden,no address,
740,Mandy's Meats & Treats,no address,
743,National Black Food & Justice Alliance,no address,
746,Amani Place Garden,no address,
747,Southern Rural Black Women's Initiative for Social and Economic Justice,no address,
749,Clif Family Foundation,no address,
750,Coffee Man,no address,
753,Food and Flora Sovereignty,no address,
754,Big Daddy Biscuits,no address,
755,Fulton County Schools,no address,
761,West End StationSoccer Community Garden,no address,
762,RCE Greater Atlanta,no address,
763,LCR Promise Garden,no address,
764,USDA Agricultural Marketing Service,no address,
770,MaituFoods,no address,
771,Caribe United Farm,no address,
776,East Point Grown,no address,
778,MARTA,no address,
784,The Sandwich Project,no address,
785,USDA Transition to Organic Partnership Program (TOPP) - Southeast,no address,
792,Southern Black Farmers Community-Led Fund,no address,
793,Rockefeller Foundation,no address,
795,The Zeist Foundation,no address,
796,Dekalb County Schools,no address,
